Model,Accuracy,Accuracy_Std,F1 Score,F1_Std,Precision,Precision_Std,Recall,Recall_Std,MCC,MCC_Std,AUC,AUC_Std
Decision Tree,1.0,0.0,1.0,0.0,1.0,0.0,1.0,0.0,1.0,0.0,1.0,0.0
Random Forest,1.0,0.0,1.0,0.0,1.0,0.0,1.0,0.0,1.0,0.0,1.0,0.0
Gradient Boosting (GPU),1.0,0.0,1.0,0.0,1.0,0.0,1.0,0.0,1.0,0.0,1.0,0.0
SVM,0.9968999999999999,0.0016248076809271977,0.9968993302178646,0.001625212603931145,0.9969249530659832,0.0016038007787960954,0.9968999999999999,0.0016248076809271977,0.9958729212397792,0.0021605198258380226,0.9999909989458837,9.47940250862414e-06
k-NN,0.9100999999999999,0.0038910152916687324,0.9101238607700128,0.003917090187789839,0.9105359218628857,0.0038867342756527703,0.9100999999999999,0.0038910152916687324,0.880184863890532,0.0051844160892917796,0.9884251983070145,0.0008550286760705934
Logistic Regression,0.8784000000000001,0.027559753264497864,0.8783428443465808,0.027645097865879247,0.8785169749668562,0.02765999461767902,0.8784000000000001,0.027559753264497864,0.8378377214852513,0.03676324212450556,0.98039359870852,0.007378447190107504
Neural Network,0.8119999999999999,0.03536382332271213,0.8105870219498674,0.03628887799697861,0.8133782244050505,0.03554319102408349,0.8119999999999999,0.03536382332271213,0.7504072385272192,0.0467001792685348,0.9629828668137194,0.010894649297447833
Naive Bayes,0.6813,0.0046754678910243715,0.6804597182508764,0.005212938534638978,0.6804091888805013,0.005725303145430047,0.6813,0.0046754678910243715,0.5748522536432186,0.00626054869985182,0.9009642354873331,0.0015087228722902352
